المنطقة,الوصف
القاهرة,القاهرة منطقة هادية وقريبة من الخدمات.
القاهرة,القاهرة منطقة هادية وقريبة من الخدمات.
القاهرة,القاهرة منطقة هادية وقريبة من الخدمات.
القاهرة,القاهرة منطقة هادية وقريبة من الخدمات.
القاهرة,القاهرة منطقة هادية وقريبة من الخدمات.
القاهرة,القاهرة منطقة هادية وقريبة من الخدمات.
القاهرة,القاهرة منطقة هادية وقريبة من الخدمات.
القاهرة,القاهرة منطقة هادية وقريبة من الخدمات.
القاهرة,القاهرة منطقة هادية وقريبة من الخدمات.
القاهرة,القاهرة منطقة هادية وقريبة من الخدمات.
القاهرة,القاهرة منطقة هادية وقريبة من الخدمات.
القاهرة,القاهرة منطقة هادية وقريبة من الخدمات.
القاهرة,القاهرة منطقة هادية وقريبة من الخدمات.
الجيزة,الجيزة منطقة هادية وقريبة من الخدمات.
الجيزة,الجيزة منطقة هادية وقريبة من الخدمات.
الجيزة,الجيزة منطقة هادية وقريبة من الخدمات.
الجيزة,الجيزة منطقة هادية وقريبة من الخدمات.
الجيزة,الجيزة منطقة هادية وقريبة من الخدمات.
الجيزة,الجيزة منطقة هادية وقريبة من الخدمات.
الجيزة,الجيزة منطقة هادية وقريبة من الخدمات.
الجيزة,الجيزة منطقة هادية وقريبة من الخدمات.
الجيزة,الجيزة منطقة هادية وقريبة من الخدمات.
الجيزة,الجيزة منطقة هادية وقريبة من الخدمات.
الجيزة,الجيزة منطقة هادية وقريبة من الخدمات.
الجيزة,الجيزة منطقة هادية وقريبة من الخدمات.
الجيزة,الجيزة منطقة هادية وقريبة من الخدمات.
المعادي,المعادي منطقة هادية وقريبة من الخدمات.
المعادي,المعادي منطقة هادية وقريبة من الخدمات.
المعادي,المعادي منطقة هادية وقريبة من الخدمات.
المعادي,المعادي منطقة هادية وقريبة من الخدمات.
المعادي,المعادي منطقة هادية وقريبة من الخدمات.
المعادي,المعادي منطقة هادية وقريبة من الخدمات.
المعادي,المعادي منطقة هادية وقريبة من الخدمات.
المعادي,المعادي منطقة هادية وقريبة من الخدمات.
المعادي,المعادي منطقة هادية وقريبة من الخدمات.
المعادي,المعادي منطقة هادية وقريبة من الخدمات.
المعادي,المعادي منطقة هادية وقريبة من الخدمات.
المعادي,المعادي منطقة هادية وقريبة من الخدمات.
المعادي,المعادي منطقة هادية وقريبة من الخدمات.
التجمع,التجمع منطقة هادية وقريبة من الخدمات.
التجمع,التجمع منطقة هادية وقريبة من الخدمات.
التجمع,التجمع منطقة هادية وقريبة من الخدمات.
التجمع,التجمع منطقة هادية وقريبة من الخدمات.
التجمع,التجمع منطقة هادية وقريبة من الخدمات.
التجمع,التجمع منطقة هادية وقريبة من الخدمات.
التجمع,التجمع منطقة هادية وقريبة من الخدمات.
التجمع,التجمع منطقة هادية وقريبة من الخدمات.
التجمع,التجمع منطقة هادية وقريبة من الخدمات.
التجمع,التجمع منطقة هادية وقريبة من الخدمات.
التجمع,التجمع منطقة هادية وقريبة من الخدمات.
التجمع,التجمع منطقة هادية وقريبة من الخدمات.
التجمع,التجمع منطقة هادية وقريبة من الخدمات.
الرحاب,الرحاب منطقة هادية وقريبة من الخدمات.
الرحاب,الرحاب منطقة هادية وقريبة من الخدمات.
الرحاب,الرحاب منطقة هادية وقريبة من الخدمات.
الرحاب,الرحاب منطقة هادية وقريبة من الخدمات.
الرحاب,الرحاب منطقة هادية وقريبة من الخدمات.
الرحاب,الرحاب منطقة هادية وقريبة من الخدمات.
الرحاب,الرحاب منطقة هادية وقريبة من الخدمات.
الرحاب,الرحاب منطقة هادية وقريبة من الخدمات.
الرحاب,الرحاب منطقة هادية وقريبة من الخدمات.
الرحاب,الرحاب منطقة هادية وقريبة من الخدمات.
الرحاب,الرحاب منطقة هادية وقريبة من الخدمات.
الرحاب,الرحاب منطقة هادية وقريبة من الخدمات.
الرحاب,الرحاب منطقة هادية وقريبة من الخدمات.
مدينتي,مدينتي منطقة هادية وقريبة من الخدمات.
مدينتي,مدينتي منطقة هادية وقريبة من الخدمات.
مدينتي,مدينتي منطقة هادية وقريبة من الخدمات.
مدينتي,مدينتي منطقة هادية وقريبة من الخدمات.
مدينتي,مدينتي منطقة هادية وقريبة من الخدمات.
مدينتي,مدينتي منطقة هادية وقريبة من الخدمات.
مدينتي,مدينتي منطقة هادية وقريبة من الخدمات.
مدينتي,مدينتي منطقة هادية وقريبة من الخدمات.
مدينتي,مدينتي منطقة هادية وقريبة من الخدمات.
مدينتي,مدينتي منطقة هادية وقريبة من الخدمات.
مدينتي,مدينتي منطقة هادية وقريبة من الخدمات.
مدينتي,مدينتي منطقة هادية وقريبة من الخدمات.
مدينتي,مدينتي منطقة هادية وقريبة من الخدمات.
الزمالك,الزمالك منطقة هادية وقريبة من الخدمات.
الزمالك,الزمالك منطقة هادية وقريبة من الخدمات.
الزمالك,الزمالك منطقة هادية وقريبة من الخدمات.
الزمالك,الزمالك منطقة هادية وقريبة من الخدمات.
الزمالك,الزمالك منطقة هادية وقريبة من الخدمات.
الزمالك,الزمالك منطقة هادية وقريبة من الخدمات.
الزمالك,الزمالك منطقة هادية وقريبة من الخدمات.
الزمالك,الزمالك منطقة هادية وقريبة من الخدمات.
الزمالك,الزمالك منطقة هادية وقريبة من الخدمات.
الزمالك,الزمالك منطقة هادية وقريبة من الخدمات.
الزمالك,الزمالك منطقة هادية وقريبة من الخدمات.
الزمالك,الزمالك منطقة هادية وقريبة من الخدمات.
الزمالك,الزمالك منطقة هادية وقريبة من الخدمات.
الشيخ زايد,الشيخ زايد منطقة هادية وقريبة من الخدمات.
الشيخ زايد,الشيخ زايد منطقة هادية وقريبة من الخدمات.
الشيخ زايد,الشيخ زايد منطقة هادية وقريبة من الخدمات.
الشيخ زايد,الشيخ زايد منطقة هادية وقريبة من الخدمات.
الشيخ زايد,الشيخ زايد منطقة هادية وقريبة من الخدمات.
الشيخ زايد,الشيخ زايد منطقة هادية وقريبة من الخدمات.
الشيخ زايد,الشيخ زايد منطقة هادية وقريبة من الخدمات.
الشيخ زايد,الشيخ زايد منطقة هادية وقريبة من الخدمات.
الشيخ زايد,الشيخ زايد منطقة هادية وقريبة من الخدمات.
