المنطقة,الاتجاه,التفاصيل
الشيخ زايد,الأسعار بتزيد,فيه حركة في السوق على العقارات الجديدة.
مدينتي,استقرار نسبي,فيه حركة في السوق على العقارات الجديدة.
الشيخ زايد,الأسعار بتزيد,فيه حركة في السوق على العقارات الجديدة.
الجيزة,فيه خصومات,فيه حركة في السوق على العقارات الجديدة.
الرحاب,الأسعار بتزيد,فيه حركة في السوق على العقارات الجديدة.
الرحاب,استقرار نسبي,فيه حركة في السوق على العقارات الجديدة.
القاهرة,فيه خصومات,فيه حركة في السوق على العقارات الجديدة.
القاهرة,فيه خصومات,فيه حركة في السوق على العقارات الجديدة.
الزمالك,الأسعار بتزيد,فيه حركة في السوق على العقارات الجديدة.
مدينتي,استقرار نسبي,فيه حركة في السوق على العقارات الجديدة.
الجيزة,استقرار نسبي,فيه حركة في السوق على العقارات الجديدة.
القاهرة,فيه خصومات,فيه حركة في السوق على العقارات الجديدة.
المعادي,استقرار نسبي,فيه حركة في السوق على العقارات الجديدة.
الجيزة,استقرار نسبي,فيه حركة في السوق على العقارات الجديدة.
المعادي,الأسعار بتزيد,فيه حركة في السوق على العقارات الجديدة.
الرحاب,فيه خصومات,فيه حركة في السوق على العقارات الجديدة.
المعادي,الأسعار بتزيد,فيه حركة في السوق على العقارات الجديدة.
المعادي,استقرار نسبي,فيه حركة في السوق على العقارات الجديدة.
القاهرة,فيه خصومات,فيه حركة في السوق على العقارات الجديدة.
التجمع,استقرار نسبي,فيه حركة في السوق على العقارات الجديدة.
الرحاب,فيه خصومات,فيه حركة في السوق على العقارات الجديدة.
الرحاب,الأسعار بتزيد,فيه حركة في السوق على العقارات الجديدة.
الزمالك,استقرار نسبي,فيه حركة في السوق على العقارات الجديدة.
الزمالك,الأسعار بتزيد,فيه حركة في السوق على العقارات الجديدة.
الجيزة,فيه خصومات,فيه حركة في السوق على العقارات الجديدة.
المعادي,استقرار نسبي,فيه حركة في السوق على العقارات الجديدة.
المعادي,استقرار نسبي,فيه حركة في السوق على العقارات الجديدة.
المعادي,الأسعار بتزيد,فيه حركة في السوق على العقارات الجديدة.
الشيخ زايد,فيه خصومات,فيه حركة في السوق على العقارات الجديدة.
القاهرة,فيه خصومات,فيه حركة في السوق على العقارات الجديدة.
الشيخ زايد,فيه خصومات,فيه حركة في السوق على العقارات الجديدة.
التجمع,فيه خصومات,فيه حركة في السوق على العقارات الجديدة.
الرحاب,استقرار نسبي,فيه حركة في السوق على العقارات الجديدة.
الرحاب,الأسعار بتزيد,فيه حركة في السوق على العقارات الجديدة.
الشيخ زايد,استقرار نسبي,فيه حركة في السوق على العقارات الجديدة.
الرحاب,استقرار نسبي,فيه حركة في السوق على العقارات الجديدة.
الرحاب,استقرار نسبي,فيه حركة في السوق على العقارات الجديدة.
القاهرة,الأسعار بتزيد,فيه حركة في السوق على العقارات الجديدة.
الزمالك,استقرار نسبي,فيه حركة في السوق على العقارات الجديدة.
التجمع,استقرار نسبي,فيه حركة في السوق على العقارات الجديدة.
الجيزة,فيه خصومات,فيه حركة في السوق على العقارات الجديدة.
مدينتي,استقرار نسبي,فيه حركة في السوق على العقارات الجديدة.
التجمع,الأسعار بتزيد,فيه حركة في السوق على العقارات الجديدة.
الرحاب,الأسعار بتزيد,فيه حركة في السوق على العقارات الجديدة.
الشيخ زايد,فيه خصومات,فيه حركة في السوق على العقارات الجديدة.
التجمع,الأسعار بتزيد,فيه حركة في السوق على العقارات الجديدة.
الزمالك,الأسعار بتزيد,فيه حركة في السوق على العقارات الجديدة.
الشيخ زايد,الأسعار بتزيد,فيه حركة في السوق على العقارات الجديدة.
المعادي,استقرار نسبي,فيه حركة في السوق على العقارات الجديدة.
التجمع,استقرار نسبي,فيه حركة في السوق على العقارات الجديدة.
المعادي,الأسعار بتزيد,فيه حركة في السوق على العقارات الجديدة.
المعادي,استقرار نسبي,فيه حركة في السوق على العقارات الجديدة.
الجيزة,فيه خصومات,فيه حركة في السوق على العقارات الجديدة.
الشيخ زايد,فيه خصومات,فيه حركة في السوق على العقارات الجديدة.
القاهرة,استقرار نسبي,فيه حركة في السوق على العقارات الجديدة.
الرحاب,الأسعار بتزيد,فيه حركة في السوق على العقارات الجديدة.
الرحاب,فيه خصومات,فيه حركة في السوق على العقارات الجديدة.
القاهرة,الأسعار بتزيد,فيه حركة في السوق على العقارات الجديدة.
الرحاب,استقرار نسبي,فيه حركة في السوق على العقارات الجديدة.
الجيزة,فيه خصومات,فيه حركة في السوق على العقارات الجديدة.
مدينتي,فيه خصومات,فيه حركة في السوق على العقارات الجديدة.
مدينتي,الأسعار بتزيد,فيه حركة في السوق على العقارات الجديدة.
مدينتي,الأسعار بتزيد,فيه حركة في السوق على العقارات الجديدة.
الجيزة,فيه خصومات,فيه حركة في السوق على العقارات الجديدة.
الزمالك,فيه خصومات,فيه حركة في السوق على العقارات الجديدة.
التجمع,فيه خصومات,فيه حركة في السوق على العقارات الجديدة.
الرحاب,فيه خصومات,فيه حركة في السوق على العقارات الجديدة.
القاهرة,استقرار نسبي,فيه حركة في السوق على العقارات الجديدة.
الجيزة,الأسعار بتزيد,فيه حركة في السوق على العقارات الجديدة.
الشيخ زايد,استقرار نسبي,فيه حركة في السوق على العقارات الجديدة.
القاهرة,استقرار نسبي,فيه حركة في السوق على العقارات الجديدة.
مدينتي,استقرار نسبي,فيه حركة في السوق على العقارات الجديدة.
التجمع,استقرار نسبي,فيه حركة في السوق على العقارات الجديدة.
القاهرة,استقرار نسبي,فيه حركة في السوق على العقارات الجديدة.
مدينتي,فيه خصومات,فيه حركة في السوق على العقارات الجديدة.
الجيزة,فيه خصومات,فيه حركة في السوق على العقارات الجديدة.
الشيخ زايد,الأسعار بتزيد,فيه حركة في السوق على العقارات الجديدة.
الشيخ زايد,استقرار نسبي,فيه حركة في السوق على العقارات الجديدة.
التجمع,فيه خصومات,فيه حركة في السوق على العقارات الجديدة.
المعادي,الأسعار بتزيد,فيه حركة في السوق على العقارات الجديدة.
الرحاب,استقرار نسبي,فيه حركة في السوق على العقارات الجديدة.
القاهرة,الأسعار بتزيد,فيه حركة في السوق على العقارات الجديدة.
الزمالك,الأسعار بتزيد,فيه حركة في السوق على العقارات الجديدة.
الرحاب,استقرار نسبي,فيه حركة في السوق على العقارات الجديدة.
الجيزة,فيه خصومات,فيه حركة في السوق على العقارات الجديدة.
التجمع,استقرار نسبي,فيه حركة في السوق على العقارات الجديدة.
الزمالك,الأسعار بتزيد,فيه حركة في السوق على العقارات الجديدة.
الشيخ زايد,فيه خصومات,فيه حركة في السوق على العقارات الجديدة.
الرحاب,الأسعار بتزيد,فيه حركة في السوق على العقارات الجديدة.
المعادي,استقرار نسبي,فيه حركة في السوق على العقارات الجديدة.
القاهرة,الأسعار بتزيد,فيه حركة في السوق على العقارات الجديدة.
الجيزة,الأسعار بتزيد,فيه حركة في السوق على العقارات الجديدة.
التجمع,الأسعار بتزيد,فيه حركة في السوق على العقارات الجديدة.
الجيزة,استقرار نسبي,فيه حركة في السوق على العقارات الجديدة.
الجيزة,استقرار نسبي,فيه حركة في السوق على العقارات الجديدة.
الشيخ زايد,استقرار نسبي,فيه حركة في السوق على العقارات الجديدة.
الرحاب,الأسعار بتزيد,فيه حركة في السوق على العقارات الجديدة.
الزمالك,استقرار نسبي,فيه حركة في السوق على العقارات الجديدة.
الجيزة,فيه خصومات,فيه حركة في السوق على العقارات الجديدة.
مدينتي,فيه خصومات,فيه حركة في السوق على العقارات الجديدة.
