النوع,الأسلوب_المفضل
عاطفي,مباشر
مُحب للتفاصيل,مباشر
تحليلي,فيه أمثلة
عاطفي,أسئلة مفتوحة
عملي,فيه أمثلة
عملي,قصص نجاح
عملي,أسئلة مفتوحة
عاطفي,قصص نجاح
مُحب للتفاصيل,مباشر
تحليلي,أسئلة مفتوحة
مُحب للتفاصيل,فيه أمثلة
مُحب للتفاصيل,مباشر
مُحب للتفاصيل,أسئلة مفتوحة
مُحب للتفاصيل,فيه أمثلة
مُحب للتفاصيل,قصص نجاح
عاطفي,مباشر
تحليلي,قصص نجاح
عاطفي,قصص نجاح
عملي,فيه أمثلة
عاطفي,مباشر
مُحب للتفاصيل,فيه أمثلة
تحليلي,مباشر
تحليلي,قصص نجاح
مُحب للتفاصيل,مباشر
عاطفي,أسئلة مفتوحة
عاطفي,أسئلة مفتوحة
عملي,مباشر
عملي,قصص نجاح
عاطفي,فيه أمثلة
عاطفي,فيه أمثلة
مُحب للتفاصيل,قصص نجاح
عاطفي,قصص نجاح
عاطفي,قصص نجاح
عملي,أسئلة مفتوحة
مُحب للتفاصيل,أسئلة مفتوحة
عاطفي,قصص نجاح
عملي,قصص نجاح
تحليلي,قصص نجاح
تحليلي,مباشر
عاطفي,أسئلة مفتوحة
تحليلي,قصص نجاح
عملي,مباشر
مُحب للتفاصيل,أسئلة مفتوحة
عاطفي,مباشر
مُحب للتفاصيل,أسئلة مفتوحة
عملي,مباشر
عاطفي,أسئلة مفتوحة
تحليلي,أسئلة مفتوحة
تحليلي,قصص نجاح
عملي,قصص نجاح
عاطفي,أسئلة مفتوحة
مُحب للتفاصيل,فيه أمثلة
تحليلي,أسئلة مفتوحة
عملي,فيه أمثلة
عاطفي,فيه أمثلة
تحليلي,فيه أمثلة
عاطفي,قصص نجاح
تحليلي,قصص نجاح
تحليلي,فيه أمثلة
مُحب للتفاصيل,مباشر
عاطفي,مباشر
مُحب للتفاصيل,أسئلة مفتوحة
تحليلي,فيه أمثلة
مُحب للتفاصيل,أسئلة مفتوحة
تحليلي,مباشر
عاطفي,قصص نجاح
عاطفي,فيه أمثلة
مُحب للتفاصيل,مباشر
تحليلي,مباشر
تحليلي,فيه أمثلة
تحليلي,مباشر
عاطفي,مباشر
مُحب للتفاصيل,أسئلة مفتوحة
عملي,أسئلة مفتوحة
تحليلي,مباشر
مُحب للتفاصيل,أسئلة مفتوحة
عملي,أسئلة مفتوحة
مُحب للتفاصيل,قصص نجاح
عاطفي,فيه أمثلة
تحليلي,فيه أمثلة
مُحب للتفاصيل,فيه أمثلة
عاطفي,مباشر
عاطفي,أسئلة مفتوحة
عاطفي,أسئلة مفتوحة
عملي,مباشر
عاطفي,قصص نجاح
مُحب للتفاصيل,فيه أمثلة
عملي,فيه أمثلة
مُحب للتفاصيل,مباشر
عملي,مباشر
عاطفي,قصص نجاح
تحليلي,قصص نجاح
عملي,مباشر
عاطفي,قصص نجاح
تحليلي,قصص نجاح
مُحب للتفاصيل,قصص نجاح
تحليلي,فيه أمثلة
تحليلي,مباشر
تحليلي,أسئلة مفتوحة
عاطفي,مباشر
